date,temp_moyenne,temp_min,temp_max,precipitations,neige,direction_vent,vitesse_vent,rafales_vent,pression,ensoleillement
2023-01-01,13.1,11.4,15.0,5.4,,,15.2,50.0,1015.0,0.0
2023-01-02,10.8,7.7,14.3,2.2,,,11.4,46.0,1020.0,99.0
2023-01-03,7.7,5.7,9.7,1.2,,,12.1,37.0,1028.4,182.0
2023-01-04,11.8,9.9,13.6,1.2,,,19.0,57.0,1024.5,2.0
2023-01-05,12.8,11.5,13.8,0.2,,,11.1,39.0,1025.0,18.0
2023-01-06,11.5,10.5,13.3,0.0,,,12.8,37.0,1021.7,25.0
2023-01-07,10.1,7.7,11.1,0.8,,,16.6,61.0,1011.8,156.0
2023-01-08,9.6,7.4,11.1,2.8,,,16.8,55.0,1002.2,123.0
2023-01-09,7.3,6.1,9.1,3.0,,,17.4,50.0,1006.6,81.0
2023-01-10,7.1,4.3,11.5,4.8,,,13.9,46.3,1018.9,3.0
2023-01-11,10.9,9.6,12.2,0.0,,,17.0,50.0,1016.9,179.0
2023-01-12,10.8,9.4,11.8,2.8,,,20.1,59.3,1015.9,5.0
2023-01-13,9.6,7.9,11.3,3.3,,,15.0,57.0,1016.6,242.0
2023-01-14,10.3,8.1,12.4,8.9,,,19.9,70.0,1010.9,0.0
2023-01-15,7.3,5.8,9.0,5.2,,,19.1,63.0,1007.5,244.0
2023-01-16,5.6,3.9,6.9,1.4,,,21.2,76.0,987.4,31.0
2023-01-17,2.6,1.0,4.0,2.4,,,10.4,30.0,987.8,5.0
2023-01-18,2.6,-0.1,5.6,0.0,,,10.2,31.0,999.7,274.0
2023-01-19,1.6,0.4,2.9,1.2,3.0,,7.8,22.2,1009.0,94.0
2023-01-20,3.2,0.1,6.3,0.0,1.0,,10.7,26.0,1018.4,141.0
2023-01-21,2.3,-1.3,4.7,0.0,,,18.6,42.0,1027.9,194.0
2023-01-22,1.0,-0.1,2.5,0.0,,,17.5,44.0,1032.7,9.0
2023-01-23,2.2,1.3,3.3,0.0,,,14.7,44.0,1034.1,17.0
2023-01-24,2.6,1.7,3.4,0.2,,,13.6,39.0,1035.9,40.0
2023-01-25,1.2,-0.4,3.0,0.0,,,9.8,35.0,1033.3,30.0
2023-01-26,2.7,0.5,5.4,0.2,,,8.9,35.0,1025.3,0.0
2023-01-27,4.9,4.2,5.4,0.2,,,16.7,44.0,1025.3,3.0
2023-01-28,3.1,-2.7,4.1,0.0,,,16.1,42.0,1029.8,21.0
2023-01-29,2.3,-0.8,4.8,0.0,,,7.6,24.0,1030.6,295.0
2023-01-30,6.0,2.0,9.4,0.0,,,10.4,37.0,1027.3,10.0
2023-01-31,5.6,1.8,9.0,0.0,,,9.4,35.0,1029.4,106.0
2023-02-01,8.3,5.5,9.8,0.0,,,13.0,39.0,1028.9,111.0
2023-02-02,8.2,6.0,10.1,0.0,,,11.6,37.0,1031.8,42.0
2023-02-03,9.1,7.4,10.6,0.0,,,11.2,31.5,1035.0,55.0
2023-02-04,9.5,7.0,10.2,1.0,,,9.8,28.0,1038.1,29.0
2023-02-05,7.8,3.1,9.4,0.0,,,15.5,50.0,1041.5,76.0
2023-02-06,4.5,0.9,7.6,0.2,,,13.9,37.0,1040.0,423.0
2023-02-07,3.2,0.7,6.4,0.4,,,12.1,33.0,1036.9,475.0
2023-02-08,2.6,-0.4,7.0,0.0,,,6.6,22.2,1035.0,478.0
2023-02-09,2.6,-4.3,7.5,0.0,,,5.0,22.2,1034.4,390.0
2023-02-10,6.5,4.3,10.1,0.0,,,7.0,24.1,1039.2,66.0
2023-02-11,6.5,1.9,10.5,0.0,,,5.9,21.0,1038.2,294.0
2023-02-12,7.7,6.0,9.6,0.0,,,8.7,28.0,1037.1,72.0
2023-02-13,6.8,2.1,12.0,0.0,,,6.1,15.0,1035.0,447.0
2023-02-14,6.9,2.0,13.2,0.0,,,4.8,16.7,1032.2,397.0
2023-02-15,7.0,2.6,12.1,0.0,,,5.5,15.0,1027.2,322.0
2023-02-16,9.1,4.4,14.5,0.2,,,10.3,37.0,1026.5,55.0
2023-02-17,12.9,11.0,15.7,0.0,,,11.4,46.3,1027.7,10.0
2023-02-18,11.7,10.8,12.4,0.1,,,13.8,37.0,1028.1,57.0
2023-02-19,10.9,8.5,12.7,0.0,,,10.8,39.0,1028.8,107.0
2023-02-20,8.0,3.9,12.5,0.0,,,5.5,31.0,1028.0,455.0
2023-02-21,9.4,3.5,16.4,0.0,,,4.9,20.4,1019.4,358.0
2023-02-22,9.3,8.6,10.0,0.4,,,9.2,30.0,1013.7,2.0
2023-02-23,8.8,6.4,10.7,0.0,,,10.5,31.0,1015.1,71.0
2023-02-24,8.4,6.8,10.5,0.0,,,13.9,37.0,1011.5,61.0
2023-02-25,6.3,4.0,8.3,0.0,,,16.3,44.0,1012.8,261.0
2023-02-26,2.9,0.5,5.7,0.0,,,21.2,63.0,1020.7,457.0
2023-02-27,2.9,-0.2,7.4,0.0,,,20.3,63.0,1025.6,579.0
2023-02-28,2.5,-0.4,5.2,0.0,,,15.3,41.0,1027.9,425.0
2023-03-01,3.1,-0.7,8.1,0.0,,,14.5,41.0,1024.6,473.0
2023-03-02,4.3,0.6,9.5,0.0,,,12.2,33.0,1020.9,495.0
2023-03-03,3.7,-0.7,10.0,0.0,,,14.1,37.0,1024.0,446.0
2023-03-04,4.2,1.5,6.4,0.0,,,12.9,33.0,1026.9,208.0
2023-03-05,6.1,5.2,6.8,0.0,,,7.2,27.8,1019.3,82.0
2023-03-06,5.8,3.8,7.4,0.3,,,10.8,30.0,1009.6,50.0
2023-03-07,6.8,4.7,9.5,8.3,,,13.2,46.0,1003.6,51.0
2023-03-08,10.0,5.4,14.8,12.5,,,16.4,55.0,993.7,28.0
2023-03-09,11.9,9.2,15.2,10.5,,,18.1,59.0,997.7,64.0
2023-03-10,8.1,4.6,11.4,0.0,,,21.3,78.0,999.1,36.0
2023-03-11,6.1,3.5,8.7,0.0,,,9.0,31.5,1010.8,35.0
2023-03-12,11.5,7.9,14.8,0.8,,,13.5,44.0,1012.7,234.0
2023-03-13,13.5,11.3,15.7,1.4,,,20.2,83.3,1002.2,34.0
2023-03-14,9.0,5.8,11.2,0.6,,,19.7,76.0,1005.0,197.0
2023-03-15,7.1,2.5,11.7,0.1,,,7.0,37.0,1018.7,298.0
2023-03-16,11.1,5.5,17.8,0.0,,,12.1,31.5,1012.4,478.0
2023-03-17,12.7,9.5,16.6,3.9,,,12.2,44.0,1007.9,170.0
2023-03-18,12.5,9.2,16.6,0.0,,,14.6,50.0,1010.4,180.0
2023-03-19,10.4,7.2,11.8,2.4,,,11.0,35.0,1016.8,134.0
2023-03-20,9.8,3.7,14.7,0.0,,,8.3,31.0,1021.5,161.0
2023-03-21,12.3,9.1,15.4,0.2,,,11.6,35.0,1015.7,170.0
2023-03-22,11.9,9.2,14.5,0.8,,,18.0,50.0,1010.4,13.0
2023-03-23,13.9,12.0,17.0,0.6,,,19.2,55.0,1006.7,71.0
2023-03-24,12.8,9.4,15.4,0.8,,,18.4,78.0,1006.6,243.0
2023-03-25,11.4,8.9,14.5,2.6,,,18.2,59.0,1011.9,232.0
2023-03-26,10.0,8.6,13.2,1.4,,,17.5,55.0,1006.3,59.0
2023-03-27,7.9,5.9,9.8,0.0,,,14.5,51.8,1023.9,342.0
2023-03-28,7.7,3.8,10.7,0.0,,,11.6,39.0,1024.5,198.0
2023-03-29,14.6,9.4,21.0,0.0,,,12.6,41.0,1015.3,287.0
2023-03-30,15.2,12.8,18.2,4.8,,,17.6,57.0,1011.6,196.0
2023-03-31,12.7,11.2,15.3,1.0,,,23.4,89.0,1001.9,83.0
2023-04-01,11.6,10.2,14.8,2.0,,,19.8,59.0,1006.5,111.0
2023-04-02,8.5,6.8,10.4,0.2,,,19.6,46.0,1019.9,12.0
2023-04-03,8.5,5.5,12.7,0.0,,,14.6,44.0,1026.4,471.0
2023-04-04,7.8,2.9,13.0,0.0,,,12.2,39.0,1025.7,684.0
2023-04-05,9.4,3.7,15.5,0.0,,,6.1,28.0,1022.3,669.0
2023-04-06,11.8,9.4,15.4,0.8,,,10.2,35.0,1017.9,79.0
2023-04-07,10.8,7.6,14.8,0.1,,,11.9,39.0,1019.4,368.0
2023-04-08,10.2,5.5,16.1,0.0,,,11.0,39.0,1024.2,505.0
2023-04-09,12.4,6.6,18.8,0.0,,,6.6,29.6,1022.6,566.0
2023-04-10,12.8,9.7,17.2,13.1,,,12.1,50.0,1017.2,135.0
2023-04-11,10.7,8.4,13.7,13.8,,,13.8,35.2,1016.5,125.0
2023-04-12,10.0,7.5,14.4,12.6,,,17.4,66.7,1003.1,209.0
2023-04-13,9.6,6.5,13.9,0.6,,,14.8,57.0,1006.9,276.0
2023-04-14,7.4,4.8,9.6,4.1,,,11.1,39.0,1007.2,28.0
2023-04-15,10.3,8.2,14.0,10.4,,,14.7,50.0,1012.9,84.0
2023-04-16,11.0,5.9,16.5,0.0,,,14.1,44.0,1025.5,578.0
2023-04-17,9.8,7.2,12.7,0.0,,,12.7,41.0,1025.3,160.0
2023-04-18,11.7,7.6,17.0,0.6,,,14.0,44.0,1021.8,391.0
2023-04-19,13.9,9.1,19.6,0.3,,,12.3,42.0,1019.8,549.0
2023-04-20,9.9,6.7,13.2,0.2,,,15.4,52.0,1015.8,461.0
2023-04-21,9.3,4.8,14.4,0.0,,,6.0,37.0,1010.5,467.0
2023-04-22,11.8,8.7,17.1,4.3,,,9.9,41.0,1007.1,100.0
2023-04-23,11.6,8.7,15.3,7.5,,,13.2,57.0,1005.8,58.0
2023-04-24,10.7,8.1,13.9,5.7,,,12.3,41.0,1011.0,177.0
2023-04-25,9.2,7.7,11.4,0.0,,,9.5,33.0,1015.7,170.0
2023-04-26,10.4,6.2,14.1,0.6,,,5.9,24.0,1017.9,206.0
2023-04-27,14.6,10.3,18.7,6.3,,,7.9,29.6,1016.4,327.0
2023-04-28,17.5,15.1,22.5,0.4,,,12.0,37.0,1013.8,183.0
2023-04-29,12.9,10.7,16.5,0.0,,,10.7,30.0,1019.4,282.0
2023-04-30,13.7,9.2,19.8,0.0,,,7.1,29.6,1020.3,328.0
2023-05-01,13.3,11.3,15.9,4.0,,,10.2,37.0,1018.7,242.0
2023-05-02,14.3,9.9,18.8,0.2,,,9.8,31.0,1024.5,489.0
2023-05-03,15.6,8.4,22.1,0.0,,,11.7,35.2,1022.9,773.0
2023-05-04,18.2,11.7,23.5,0.0,,,12.2,41.0,1015.8,450.0
2023-05-05,16.5,13.5,21.0,4.6,,,10.0,42.0,1017.7,198.0
2023-05-06,16.4,11.8,20.9,32.7,,,6.5,25.9,1016.2,173.0
2023-05-07,15.7,14.1,18.2,2.6,,,6.3,31.0,1017.5,114.0
2023-05-08,15.3,11.5,19.3,0.0,,,6.4,37.0,1022.1,212.0
2023-05-09,14.7,11.8,17.5,11.7,,,8.8,29.6,1014.6,46.0
2023-05-10,13.5,10.4,18.4,1.0,,,11.3,41.0,1014.7,61.0
2023-05-11,13.5,11.5,15.6,0.2,,,7.6,24.0,1016.8,293.0
2023-05-12,12.4,8.1,14.4,1.6,,,11.0,41.0,1017.7,124.0
2023-05-13,15.7,12.0,21.8,0.0,,,14.6,81.0,1020.1,424.0
2023-05-14,14.1,10.1,20.2,0.0,,,11.7,33.0,1019.6,523.0
2023-05-15,12.6,9.5,15.8,1.0,,,11.5,50.0,1018.0,125.0
2023-05-16,12.1,7.3,17.4,0.0,,,17.4,48.0,1022.9,483.0
2023-05-17,13.7,9.4,18.6,0.0,,,15.1,42.0,1026.5,573.0
2023-05-18,13.5,8.6,18.6,0.0,,,15.2,42.0,1025.6,570.0
2023-05-19,15.1,9.3,20.4,0.0,,,14.1,37.0,1023.4,662.0
2023-05-20,16.7,11.8,22.4,0.0,,,16.8,42.0,1018.9,325.0
2023-05-21,17.7,13.5,21.7,0.0,,,15.6,44.0,1016.3,445.0
2023-05-22,17.1,12.9,22.3,0.0,,,13.1,39.0,1017.5,313.0
2023-05-23,15.3,12.6,20.1,0.0,,,17.6,46.0,1022.1,279.0
2023-05-24,14.4,8.6,20.9,0.0,,,16.8,46.0,1023.7,615.0
2023-05-25,17.0,10.7,22.4,0.0,,,16.2,46.0,1024.2,795.0
2023-05-26,17.5,11.1,23.5,0.0,,,14.4,35.0,1025.6,804.0
2023-05-27,18.9,12.2,25.2,0.0,,,12.8,33.0,1021.9,769.0
2023-05-28,20.8,14.1,27.2,0.0,,,14.4,41.0,1017.7,815.0
2023-05-29,19.3,13.8,25.2,0.0,,,18.4,50.0,1019.7,772.0
2023-05-30,17.7,12.2,23.3,0.0,,,18.7,44.0,1022.2,790.0
2023-05-31,19.8,12.2,26.8,0.0,,,16.2,44.0,1020.0,834.0
2023-06-01,21.0,14.6,27.3,0.0,,,15.7,41.0,1018.7,830.0
2023-06-02,16.1,10.9,21.8,0.0,,,18.7,42.0,1019.3,811.0
2023-06-03,18.9,11.8,25.3,0.0,,,13.5,39.0,1017.7,836.0
2023-06-04,20.9,14.2,26.7,0.0,,,15.0,41.0,1018.0,855.0
2023-06-05,20.4,13.6,26.6,0.0,,,15.2,44.0,1018.4,842.0
2023-06-06,19.8,12.4,27.8,0.0,,,14.9,44.0,1017.8,749.0
2023-06-07,21.5,14.3,28.9,0.0,,,13.4,35.0,1016.5,735.0
2023-06-08,22.5,15.8,28.8,0.0,,,11.2,31.0,1013.7,794.0
2023-06-09,24.9,17.8,30.7,0.0,,,9.8,44.0,1009.5,720.0
2023-06-10,24.1,19.4,30.4,1.4,,,9.7,35.2,1011.3,391.0
2023-06-11,22.8,18.8,26.8,1.6,,,8.4,33.0,1013.7,242.0
2023-06-12,21.8,18.1,27.7,1.6,,,9.2,33.3,1013.8,374.0
2023-06-13,24.4,17.5,30.0,0.0,,,10.7,37.0,1010.6,820.0
2023-06-14,24.5,17.1,29.9,0.0,,,8.5,44.0,1013.6,815.0
2023-06-15,23.9,18.3,28.7,0.0,,,8.9,42.0,1017.3,768.0
2023-06-16,24.4,18.2,30.3,0.0,,,7.6,31.0,1017.4,703.0
2023-06-17,25.0,19.8,31.0,2.8,,,8.7,31.0,1013.8,421.0
2023-06-18,22.7,18.7,29.8,6.9,,,9.6,37.0,1010.5,157.0
2023-06-19,20.6,16.3,25.6,0.8,,,6.3,25.9,1012.4,294.0
2023-06-20,22.3,18.4,26.7,0.4,,,11.8,48.2,1010.7,188.0
2023-06-21,23.0,18.3,28.2,0.1,,,7.0,31.0,1016.2,436.0
2023-06-22,20.7,17.9,25.1,16.1,,,12.9,39.0,1017.4,131.0
2023-06-23,22.4,16.0,28.9,0.0,,,7.2,31.0,1024.5,705.0
2023-06-24,24.4,18.0,30.4,0.0,,,8.6,31.5,1023.7,840.0
2023-06-25,26.9,19.6,33.6,0.0,,,8.9,50.0,1016.4,856.0
2023-06-26,20.5,16.8,23.7,0.0,,,13.3,37.0,1021.2,597.0
2023-06-27,20.3,15.9,25.0,0.0,,,9.5,30.0,1022.5,487.0
2023-06-28,21.7,17.1,26.3,0.0,,,7.2,28.0,1019.3,430.0
2023-06-29,22.1,19.0,25.4,0.0,,,9.7,39.0,1015.7,277.0
2023-06-30,19.9,15.7,24.0,0.0,,,12.0,44.0,1015.6,487.0
2023-07-01,19.6,16.5,23.1,0.2,,,14.1,48.0,1010.6,168.0
2023-07-02,19.1,14.6,23.3,0.0,,,12.5,46.0,1014.4,513.0
2023-07-03,20.1,16.8,24.1,0.0,,,11.9,42.0,1015.2,290.0
2023-07-04,19.1,15.1,24.5,7.2,,,9.3,55.0,1013.9,254.0
2023-07-05,17.0,12.3,21.4,0.2,,,13.4,42.0,1015.4,362.0
2023-07-06,20.4,14.1,27.2,0.0,,,5.4,31.0,1017.6,725.0
2023-07-07,24.3,16.8,31.3,0.0,,,9.1,42.0,1015.6,685.0
2023-07-08,27.2,21.2,33.5,0.0,,,9.4,39.0,1015.0,673.0
2023-07-09,24.4,21.8,27.8,0.0,,,9.9,31.0,1018.9,327.0
2023-07-10,23.9,18.5,29.2,0.0,,,8.3,31.0,1021.4,761.0
2023-07-11,25.4,17.9,31.6,0.0,,,10.0,39.0,1013.8,664.0
2023-07-12,21.3,17.3,25.0,0.0,,,10.7,46.3,1015.0,479.0
2023-07-13,20.3,16.8,23.9,0.0,,,10.3,44.0,1019.3,392.0
2023-07-14,24.1,17.4,31.6,0.0,,,12.6,50.0,1012.7,592.0
2023-07-15,22.8,20.5,26.4,0.0,,,16.9,54.0,1007.6,228.0
2023-07-16,20.4,14.9,25.0,0.0,,,14.1,46.3,1015.5,430.0
2023-07-17,20.0,14.0,24.5,0.0,,,8.4,37.0,1020.5,553.0
2023-07-18,22.8,16.2,29.1,0.0,,,7.5,35.2,1018.2,667.0
2023-07-19,21.2,17.4,23.7,0.0,,,12.3,41.0,1017.0,445.0
2023-07-20,20.8,15.6,26.4,0.0,,,7.4,33.0,1015.9,447.0
2023-07-21,20.0,15.8,23.6,0.0,,,9.4,37.0,1014.4,449.0
2023-07-22,20.2,14.2,25.8,0.0,,,12.0,46.0,1015.6,393.0
2023-07-23,20.7,17.6,24.9,3.4,,,15.2,57.0,1010.6,116.0
2023-07-24,19.9,17.6,23.5,19.2,,,12.5,55.0,1006.7,239.0
2023-07-25,17.1,14.0,20.1,0.6,,,9.8,39.0,1009.6,169.0
2023-07-26,18.2,12.3,23.3,0.0,,,9.3,41.0,1015.3,469.0
2023-07-27,19.8,18.7,22.4,10.3,,,14.0,52.0,1010.3,39.0
2023-07-28,20.4,18.6,24.2,42.8,,,9.3,35.0,1009.3,89.0
2023-07-29,20.6,16.9,25.4,1.6,,,9.9,42.0,1010.3,274.0
2023-07-30,19.5,15.7,23.2,0.3,,,12.6,41.0,1016.4,254.0
2023-07-31,19.0,17.7,21.2,13.7,,,14.4,59.0,1012.6,44.0
2023-08-01,19.1,15.7,22.6,33.2,,,15.8,52.0,1006.4,282.0
2023-08-02,20.0,17.1,24.1,2.0,,,21.4,78.0,997.8,180.0
2023-08-03,17.1,15.5,19.3,3.8,,,13.5,53.7,1005.3,60.0
2023-08-04,17.7,15.2,21.9,0.8,,,9.3,42.0,1016.3,260.0
2023-08-05,16.3,13.6,19.4,1.4,,,13.4,61.0,1013.9,150.0
2023-08-06,16.4,13.8,19.2,0.0,,,15.5,52.0,1016.0,333.0
2023-08-07,17.4,12.9,21.6,0.2,,,10.2,31.0,1021.0,394.0
2023-08-08,19.6,15.5,23.8,0.0,,,8.6,44.0,1018.1,297.0
2023-08-09,20.0,17.2,24.4,0.0,,,6.5,26.0,1018.4,205.0
2023-08-10,22.2,16.1,28.8,0.0,,,6.4,31.0,1019.8,562.0
2023-08-11,22.0,18.1,27.1,10.9,,,7.7,35.0,1020.4,351.0
2023-08-12,21.4,18.2,26.4,10.5,,,9.3,39.0,1018.4,284.0
2023-08-13,20.4,16.4,24.4,0.0,,,8.0,37.0,1017.8,376.0
2023-08-14,21.4,16.1,28.3,1.6,,,8.9,37.0,1013.9,317.0
2023-08-15,21.3,17.8,24.8,0.0,,,6.4,24.1,1016.6,320.0
2023-08-16,22.3,18.0,27.4,0.0,,,9.4,30.0,1018.6,281.0
2023-08-17,23.6,18.8,28.6,0.0,,,9.9,30.0,1016.7,392.0
2023-08-18,25.1,19.6,31.4,0.1,,,7.2,24.1,1012.9,332.0
2023-08-19,24.4,21.5,27.2,3.4,,,9.0,26.0,1015.9,212.0
2023-08-20,24.6,18.6,30.5,0.0,,,7.9,31.0,1021.4,503.0
2023-08-21,23.5,18.6,29.2,0.0,,,9.0,28.0,1023.3,592.0
2023-08-22,24.9,19.2,30.8,0.0,,,6.8,22.0,1020.5,505.0
2023-08-23,25.0,18.8,31.6,0.0,,,8.6,28.0,1019.0,497.0
2023-08-24,24.5,21.4,28.1,0.4,,,9.0,33.0,1012.7,242.0
2023-08-25,20.9,17.3,23.5,1.4,,,9.6,37.0,1010.5,118.0
2023-08-26,18.1,14.2,22.2,0.9,,,9.9,39.0,1012.6,295.0
2023-08-27,16.7,13.5,20.5,1.2,,,9.0,35.0,1012.8,363.0
2023-08-28,16.7,13.9,20.6,2.6,,,8.9,33.0,1014.2,209.0
2023-08-29,17.3,13.9,20.8,0.1,,,8.0,31.0,1013.6,344.0
2023-08-30,16.9,13.8,20.0,0.2,,,9.8,42.0,1010.7,188.0
2023-08-31,16.7,14.1,18.9,2.6,,,8.7,39.0,1012.9,61.0
2023-09-01,19.8,17.2,22.9,0.2,,,10.8,37.0,1013.7,73.0
2023-09-02,22.5,16.6,30.1,0.0,,,7.4,31.0,1017.8,425.0
2023-09-03,24.7,18.9,31.4,0.0,,,9.1,39.0,1023.9,560.0
2023-09-04,24.4,18.2,31.3,0.0,,,11.5,37.0,1020.6,637.0
2023-09-05,25.7,19.1,33.6,0.0,,,7.1,24.0,1015.8,610.0
2023-09-06,26.5,20.8,33.5,0.0,,,6.2,26.0,1017.2,602.0
2023-09-07,25.1,18.0,32.9,0.0,,,5.6,24.1,1016.1,612.0
2023-09-08,27.2,20.4,35.1,0.0,,,5.7,24.1,1016.1,527.0
2023-09-09,27.9,21.6,35.3,0.0,,,7.7,28.0,1015.5,562.0
2023-09-10,27.5,21.2,34.6,0.0,,,7.6,30.0,1015.4,556.0
2023-09-11,24.1,20.9,27.6,0.0,,,9.9,31.0,1014.0,256.0
2023-09-12,19.6,18.1,22.3,7.9,,,7.7,24.0,1014.4,13.0
2023-09-13,19.2,17.3,21.6,0.2,,,5.6,26.0,1018.9,231.0
2023-09-14,19.6,16.2,24.6,0.0,,,4.7,22.2,1020.5,285.0
2023-09-15,20.9,15.9,27.9,0.0,,,6.7,26.0,1015.0,442.0
2023-09-16,21.0,16.5,25.9,0.0,,,5.4,25.9,1011.3,
2023-09-17,21.4,17.5,26.7,2.6,,,7.7,46.0,1010.6,
2023-09-18,19.4,15.7,24.0,0.6,,,13.2,52.0,1008.1,
2023-09-19,17.2,13.5,21.5,0.0,,,14.8,50.0,1014.6,
2023-09-20,19.9,16.0,24.4,0.0,,,14.5,55.0,1008.3,
2023-09-21,17.0,14.5,20.2,14.5,,,13.3,64.8,999.2,
2023-09-22,14.0,12.6,17.2,1.8,,,12.8,46.0,1003.9,
2023-09-23,13.9,10.8,17.5,0.0,,,8.1,33.0,1017.5,
2023-09-24,14.5,8.6,21.5,0.0,,,9.1,37.0,1023.5,
2023-09-25,16.7,10.1,23.5,0.0,,,6.3,21.0,1021.6,
2023-09-26,19.1,14.1,25.9,0.0,,,6.6,18.5,1019.8,
2023-09-27,20.0,14.0,26.8,0.0,,,8.1,35.0,1017.4,225.0
2023-09-28,19.7,17.0,22.7,0.0,,,8.0,26.0,1017.6,277.0
2023-09-29,19.3,15.3,21.8,0.0,,,12.3,42.0,1020.4,193.0
2023-09-30,16.7,12.1,21.9,0.0,,,4.9,21.0,1026.5,323.0
2023-10-01,19.0,12.9,26.5,0.2,,,7.1,24.0,1023.7,417.0
2023-10-02,20.7,14.6,28.2,0.0,,,8.0,26.0,1018.8,464.0
2023-10-03,19.0,15.7,22.2,2.4,,,12.2,44.0,1020.5,203.0
2023-10-04,14.6,10.9,18.3,0.0,,,6.2,21.0,1029.8,306.0
2023-10-05,14.9,11.7,20.1,0.0,,,5.2,22.2,1027.4,261.0
2023-10-06,14.9,9.8,21.3,0.0,,,5.3,18.0,1026.9,446.0
2023-10-07,17.0,10.9,23.7,0.0,,,6.4,22.2,1026.7,501.0
2023-10-08,18.7,12.8,27.1,0.0,,,4.5,25.9,1025.9,476.0
2023-10-09,19.2,14.2,26.1,0.0,,,4.6,27.8,1023.4,354.0
2023-10-10,19.1,12.7,27.7,0.0,,,6.8,26.0,1021.1,367.0
2023-10-11,19.0,13.2,25.2,0.0,,,9.1,39.0,1017.6,402.0
2023-10-12,19.1,16.5,22.5,3.8,,,8.6,40.8,1016.0,35.0
2023-10-13,20.7,17.4,25.6,1.2,,,16.7,72.0,1010.1,137.0
2023-10-14,14.3,12.0,19.5,0.2,,,13.4,57.0,1016.9,192.0
2023-10-15,10.8,9.0,13.5,0.0,,,9.0,37.0,1024.3,336.0
2023-10-16,9.3,5.7,13.5,0.0,,,12.5,41.0,1020.0,264.0
2023-10-17,10.8,5.9,16.6,0.0,,,10.1,28.0,1012.5,266.0
2023-10-18,14.8,11.4,18.5,4.8,,,12.1,46.0,999.6,60.0
2023-10-19,17.6,15.3,22.5,7.5,,,13.6,39.0,989.6,92.0
2023-10-20,15.3,13.8,18.3,4.6,,,8.9,70.4,980.4,65.0
2023-10-21,13.5,12.4,15.6,4.2,,,20.9,70.0,992.9,64.0
2023-10-22,12.9,11.0,16.1,0.6,,,11.2,41.0,1008.0,152.0
2023-10-23,10.7,8.5,12.1,8.0,,,7.8,38.9,1007.7,14.0
2023-10-24,12.9,11.2,16.5,1.3,,,9.9,57.4,1004.9,259.0
2023-10-25,13.1,11.4,15.0,6.0,,,12.3,44.0,996.5,73.0
2023-10-26,13.0,10.4,15.2,15.8,,,10.0,30.0,995.8,55.0
2023-10-27,12.3,10.2,15.3,2.8,,,11.3,42.0,995.3,87.0
2023-10-28,12.6,10.9,14.2,9.5,,,16.1,52.0,996.5,6.0
2023-10-29,13.5,11.5,16.5,2.4,,,16.9,72.2,996.2,101.0
2023-10-30,11.5,9.9,13.5,9.9,,,7.7,70.4,999.1,8.0
2023-10-31,12.1,8.4,15.6,0.8,,,11.4,39.0,1005.5,29.0
2023-11-01,12.4,11.2,13.6,6.0,,,16.3,46.0,1001.2,54.0
2023-11-02,11.8,8.9,14.2,0.2,,,26.3,94.5,981.9,241.0
2023-11-03,8.2,5.9,10.3,2.0,,,11.9,42.0,989.6,74.0
2023-11-04,10.5,8.3,14.9,9.9,,,19.2,65.0,979.7,37.0
2023-11-05,11.4,9.9,14.4,1.4,,,17.8,65.0,985.5,117.0
2023-11-06,10.4,8.5,13.8,2.6,,,14.5,61.0,1005.1,96.0
2023-11-07,9.8,7.6,13.0,0.0,,,12.1,44.0,1014.1,198.0
2023-11-08,9.8,7.2,13.0,3.8,,,16.4,48.0,1014.0,11.0
2023-11-09,9.9,7.9,11.7,1.0,,,13.8,52.0,1004.8,42.0
2023-11-10,8.9,6.6,12.0,2.0,,,16.9,59.0,1001.7,59.0
2023-11-11,8.3,6.3,11.5,6.2,,,9.1,35.0,1009.4,144.0
2023-11-12,9.5,6.7,12.9,6.4,,,10.5,37.0,1006.1,0.0
2023-11-13,14.5,12.1,17.1,1.2,,,15.1,54.0,1007.9,0.0
2023-11-14,12.5,10.7,13.5,1.0,,,16.8,52.0,1011.5,10.0
2023-11-15,10.9,8.4,13.3,0.0,,,13.2,44.5,1020.7,135.0
2023-11-16,9.0,8.2,10.7,15.3,,,11.0,50.0,1012.2,0.0
2023-11-17,9.0,7.9,11.8,1.2,,,8.6,33.3,1022.8,178.0
2023-11-18,10.7,8.6,14.3,14.2,,,12.2,44.0,1020.2,0.0
2023-11-19,13.4,11.1,15.3,0.0,,,13.9,52.0,1016.6,153.0
2023-11-20,10.9,9.9,12.6,0.6,,,13.1,50.0,1014.4,64.0
2023-11-21,10.9,9.6,12.1,1.6,,,11.8,37.0,1018.3,15.0
2023-11-22,8.1,6.0,10.2,0.0,,,14.1,39.0,1029.8,236.0
2023-11-23,10.3,6.6,12.4,0.2,,,8.1,35.0,1028.2,3.0
2023-11-24,9.7,5.5,11.9,0.4,,,15.2,39.0,1019.9,33.0
2023-11-25,5.6,4.0,7.9,0.0,,,12.5,37.0,1020.5,257.0
2023-11-26,4.2,1.7,6.9,0.0,,,7.4,35.2,1019.4,108.0
2023-11-27,6.4,4.1,9.3,6.0,,,13.5,44.0,1004.0,1.0
2023-11-28,5.9,3.7,7.4,0.0,,,12.6,42.0,1007.3,183.0
2023-11-29,5.5,2.9,9.0,0.2,,,7.6,28.0,1006.5,160.0
2023-11-30,4.8,2.8,7.4,0.2,,,8.1,25.9,1000.1,123.0
2023-12-01,3.1,0.8,5.0,0.0,,,12.3,35.0,1004.6,3.0
2023-12-02,0.8,-1.2,3.3,0.0,,,11.0,33.0,1015.8,231.0
2023-12-03,1.0,-1.9,3.7,0.0,,,14.5,33.0,1019.3,41.0
2023-12-04,6.1,2.9,9.5,13.2,,,14.7,48.0,1002.2,0.0
2023-12-05,7.6,6.7,8.8,0.8,,,14.4,48.2,1006.7,15.0
2023-12-06,6.2,3.9,8.5,0.2,,,7.7,22.0,1018.0,216.0
2023-12-07,4.6,3.1,5.8,9.5,,,13.0,31.5,1014.0,8.0
2023-12-08,8.4,5.8,11.1,2.6,,,8.2,42.6,1010.2,18.0
2023-12-09,9.5,6.2,12.9,19.7,,,19.5,78.0,1006.1,4.0
2023-12-10,10.4,8.9,12.5,3.2,,,16.3,57.0,1011.1,18.0
2023-12-11,11.2,10.1,12.8,0.2,,,9.9,35.2,1009.4,134.0
2023-12-12,11.6,10.4,12.8,5.8,,,10.6,50.0,1005.0,47.0
2023-12-13,9.0,7.7,10.6,2.2,,,11.8,35.0,1001.9,52.0
2023-12-14,8.2,7.7,8.5,2.0,,,13.4,39.0,1021.4,8.0
2023-12-15,9.2,7.8,10.7,0.0,,,7.3,26.0,1036.5,21.0
2023-12-16,7.3,1.6,11.0,0.0,,,6.0,18.5,1042.8,258.0
2023-12-17,2.8,0.5,5.1,0.0,,,7.0,24.1,1039.6,208.0
2023-12-18,1.9,0.9,3.4,0.0,,,8.3,26.0,1036.0,60.0
2023-12-19,6.3,2.8,9.6,2.1,,,13.1,42.0,1026.4,0.0
2023-12-20,8.4,5.9,9.9,0.4,,,12.9,33.3,1023.1,176.0
2023-12-21,11.0,9.4,12.2,1.0,,,17.2,52.0,1013.9,4.0
2023-12-22,10.6,9.2,11.8,1.0,,,16.0,64.8,1017.0,29.0
2023-12-23,10.5,9.1,12.2,0.0,,,15.1,50.0,1020.1,13.0
2023-12-24,11.2,9.8,12.6,0.0,,,16.4,54.0,1016.8,41.0
2023-12-25,11.8,11.2,12.5,0.0,,,13.8,48.0,1016.2,4.0
2023-12-26,10.8,10.1,11.5,0.2,,,10.5,44.0,1019.1,0.0
2023-12-27,9.6,7.8,11.0,0.2,,,15.2,44.0,1016.8,142.0
2023-12-28,10.4,9.2,11.7,0.0,,,14.5,44.5,1017.0,63.0
2023-12-29,10.5,9.0,11.8,1.3,,,16.8,50.0,1015.8,15.0
2023-12-30,9.2,7.2,11.2,1.2,,,13.0,44.0,1014.4,12.0
2023-12-31,9.4,7.8,11.2,1.4,,,22.2,66.7,1002.2,170.0
2024-01-01,8.2,6.2,10.9,4.1,,,16.4,46.0,1009.3,93.0
2024-01-02,10.9,9.9,11.8,12.2,,,28.0,83.0,998.6,0.0
2024-01-03,10.8,9.1,12.7,6.2,,,20.2,65.0,999.8,108.0
2024-01-04,9.6,7.6,11.1,0.0,,,16.4,46.0,1006.2,137.0
2024-01-05,7.9,6.1,9.9,0.2,,,12.2,48.0,1004.3,253.0
2024-01-06,6.3,5.3,7.3,1.0,,,14.2,41.0,1013.2,36.0
2024-01-07,3.7,1.8,5.2,0.4,,,18.7,68.0,1021.2,7.0
2024-01-08,-0.5,-1.2,1.1,0.6,1.0,,18.1,44.0,1027.0,18.0
2024-01-09,-1.6,-2.1,-1.2,0.0,1.0,,13.2,33.3,1026.6,0.0
2024-01-10,-0.6,-1.9,1.2,0.0,1.0,,9.1,25.9,1026.1,125.0
2024-01-11,-0.0,-1.5,2.4,0.0,,,14.3,41.0,1031.4,347.0
2024-01-12,1.9,-0.2,3.2,0.0,,,13.4,33.0,1033.4,25.0
2024-01-13,-1.0,-1.8,0.1,0.0,,,5.3,18.0,1027.5,47.0
2024-01-14,-1.6,-2.8,0.2,0.0,,,7.3,22.0,1016.2,27.0
2024-01-15,2.1,0.0,4.7,0.0,,,9.7,39.0,1011.4,141.0
2024-01-16,-0.3,-3.1,3.7,0.0,,,6.4,25.9,1010.8,232.0
2024-01-17,1.8,-0.3,5.2,19.7,,,8.8,50.0,991.0,2.0
2024-01-18,1.0,-0.3,3.0,7.9,1.0,,14.7,52.0,1003.0,200.0
2024-01-19,0.2,-1.6,5.0,0.0,,,6.8,25.9,1023.7,386.0
2024-01-20,-0.7,-3.6,3.1,0.0,,,7.6,25.9,1029.7,349.0
2024-01-21,4.0,-0.9,9.7,0.0,,,15.8,57.0,1024.1,41.0
2024-01-22,11.0,8.8,13.2,0.6,,,24.8,91.0,1018.3,75.0
2024-01-23,9.7,7.6,13.3,0.4,,,13.6,54.0,1028.7,13.0
2024-01-24,13.5,12.5,14.4,2.4,,,13.6,61.0,1029.4,128.0
2024-01-25,11.5,10.2,13.5,0.0,,,7.9,29.6,1030.6,12.0
2024-01-26,10.5,5.9,12.3,1.1,,,13.4,42.0,1031.0,116.0
2024-01-27,4.8,1.6,8.3,0.0,,,7.2,16.7,1035.6,307.0
2024-01-28,5.0,1.7,9.0,0.0,,,8.3,27.8,1027.5,241.0
2024-01-29,8.6,4.5,14.3,0.0,,,9.6,28.0,1027.5,264.0
2024-01-30,10.2,8.7,11.5,0.0,,,8.0,29.6,1030.9,17.0
2024-01-31,8.2,5.6,10.0,0.0,,,8.1,42.6,1034.5,253.0
2024-02-01,10.3,8.3,12.1,0.0,,,9.1,33.0,1033.5,7.0
2024-02-02,6.8,3.2,9.9,0.0,,,8.1,28.0,1035.5,151.0
2024-02-03,9.8,8.1,10.8,0.0,,,8.4,27.8,1033.0,5.0
2024-02-04,9.9,9.5,10.6,0.0,,,11.2,33.0,1031.3,22.0
2024-02-05,8.8,7.8,9.7,0.0,,,12.3,37.0,1027.8,21.0
2024-02-06,9.9,7.6,12.2,0.0,,,17.3,52.0,1020.5,72.0
2024-02-07,11.5,11.0,12.4,2.2,,,18.8,61.0,1008.8,3.0
2024-02-08,12.2,10.7,13.9,3.6,,,16.3,61.0,998.5,1.0
2024-02-09,11.6,9.7,13.8,1.0,,,17.0,66.7,986.4,33.0
2024-02-10,8.8,6.9,10.5,6.8,,,8.6,55.5,985.7,4.0
2024-02-11,9.0,7.1,10.9,0.2,,,14.9,44.0,993.5,54.0
2024-02-12,7.7,5.6,10.9,0.0,,,6.6,31.0,1008.0,116.0
2024-02-13,7.4,3.3,10.5,0.0,,,12.2,42.0,1018.8,116.0
2024-02-14,12.2,9.9,15.5,0.0,,,12.8,37.0,1019.9,19.0
2024-02-15,13.9,10.1,18.5,0.2,,,10.4,27.8,1013.9,212.0
2024-02-16,13.5,11.1,15.2,0.0,,,13.7,48.0,1017.3,26.0
2024-02-17,11.8,9.7,14.9,0.0,,,8.2,24.0,1032.7,225.0
2024-02-18,9.5,7.2,12.2,3.2,,,12.2,41.0,1031.2,3.0
2024-02-19,11.0,9.6,12.0,0.0,,,11.0,31.0,1032.3,19.0
2024-02-20,8.6,7.5,10.0,0.0,,,9.1,31.0,1031.5,49.0
2024-02-21,8.7,6.6,11.0,8.4,,,15.6,59.0,1017.2,3.0
2024-02-22,11.0,6.5,13.1,13.8,,,22.4,76.0,994.3,7.0
2024-02-23,6.2,4.5,9.2,3.0,,,15.6,57.4,994.9,84.0
2024-02-24,5.7,3.5,9.2,5.5,,,15.0,46.0,999.9,84.0
2024-02-25,6.9,5.1,8.9,4.0,,,14.3,51.8,997.3,4.0
2024-02-26,8.0,5.9,10.2,16.6,,,14.8,61.0,996.9,0.0
2024-02-27,6.8,5.2,9.5,0.0,,,19.5,52.0,1017.2,62.0
2024-02-28,7.1,3.0,11.1,0.0,,,8.6,35.0,1022.8,256.0
2024-02-29,9.3,7.8,10.7,1.8,,,13.3,35.2,1010.8,0.0
2024-03-01,7.6,4.8,10.9,4.4,,,17.7,61.0,1002.3,90.0
2024-03-02,6.5,4.9,8.7,15.5,,,10.6,55.5,997.5,19.0
2024-03-03,7.0,5.6,9.5,0.0,,,9.2,63.0,1002.9,43.0
2024-03-04,7.3,2.7,11.8,0.2,,,8.4,37.0,1012.4,413.0
2024-03-05,7.7,5.4,10.5,2.2,,,11.7,39.0,1014.4,39.0
2024-03-06,7.3,5.7,10.0,0.0,,,6.9,22.0,1021.1,53.0
2024-03-07,8.2,3.8,13.5,0.0,,,10.1,39.0,1018.1,349.0
2024-03-08,9.0,3.9,13.7,0.0,,,14.1,55.5,1004.7,280.0
2024-03-09,9.3,6.5,14.3,5.1,,,12.0,63.0,995.3,91.0
2024-03-10,8.6,7.2,11.4,0.0,,,8.0,51.8,995.2,31.0
2024-03-11,8.8,6.5,11.9,1.0,,,9.9,39.0,1006.6,114.0
2024-03-12,9.8,7.8,11.9,4.6,,,11.5,35.0,1017.3,4.0
2024-03-13,11.7,8.5,13.6,0.0,,,9.3,28.0,1018.3,110.0
2024-03-14,12.3,6.5,18.7,0.2,,,9.6,37.0,1012.8,396.0
2024-03-15,14.0,11.8,17.6,6.1,,,13.2,44.0,1012.3,46.0
2024-03-16,12.4,10.2,15.0,0.2,,,10.4,37.0,1021.3,167.0
2024-03-17,12.3,10.5,15.1,2.2,,,8.6,27.8,1019.7,14.0
2024-03-18,14.2,12.5,16.6,2.4,,,7.2,26.0,1017.4,167.0
2024-03-19,13.3,9.2,18.2,0.0,,,5.7,25.9,1018.3,307.0
2024-03-20,14.8,9.4,21.0,0.2,,,4.7,25.9,1018.0,379.0
2024-03-21,15.3,10.9,19.5,0.0,,,7.1,31.0,1025.0,433.0
2024-03-22,14.0,9.9,18.6,0.7,,,9.2,39.0,1020.0,372.0
2024-03-23,7.9,5.9,12.3,3.6,,,15.5,55.0,1016.5,166.0
2024-03-24,8.0,4.9,12.0,0.0,,,14.0,50.0,1013.6,236.0
2024-03-25,8.9,3.7,14.1,0.0,,,11.9,42.6,1003.1,276.0
2024-03-26,9.7,5.3,12.2,4.4,,,12.9,72.2,989.3,4.0
2024-03-27,8.2,4.7,12.9,0.0,,,16.9,63.0,987.0,46.0
2024-03-28,8.9,5.1,11.7,2.2,,,31.2,85.0,988.1,169.0
2024-03-29,10.2,7.5,14.1,6.5,,,16.0,77.8,993.7,13.0
2024-03-30,8.9,6.9,12.5,7.4,,,9.5,87.0,996.7,37.0
2024-03-31,9.7,5.5,14.8,4.5,,,14.4,70.4,993.2,165.0
2024-04-01,9.8,6.5,13.9,1.2,,,17.9,68.5,998.6,80.0
2024-04-02,10.5,7.9,13.4,6.0,,,21.5,54.0,1009.3,105.0
2024-04-03,13.2,10.3,17.1,4.2,,,14.9,48.0,1007.5,134.0
2024-04-04,14.7,10.9,19.4,2.0,,,19.1,70.0,1010.8,102.0
2024-04-05,15.7,13.3,18.4,0.2,,,12.5,50.0,1011.1,35.0
2024-04-06,18.0,13.2,24.2,0.0,,,14.7,44.0,1009.6,429.0
2024-04-07,16.5,13.4,18.9,2.4,,,10.2,35.2,1014.5,41.0
2024-04-08,15.9,11.2,23.0,2.4,,,10.1,55.5,1007.5,183.0
2024-04-09,10.7,8.7,14.1,0.2,,,16.3,68.5,1015.7,235.0
2024-04-10,11.4,6.4,17.1,0.0,,,8.6,26.0,1029.8,373.0
2024-04-11,14.9,11.6,18.6,0.3,,,7.2,28.0,1032.9,106.0
2024-04-12,17.1,11.0,23.5,0.2,,,7.6,30.0,1032.4,440.0
2024-04-13,19.5,12.7,26.3,0.0,,,9.7,37.0,1026.3,515.0
2024-04-14,16.1,11.4,19.9,0.0,,,9.8,35.0,1023.4,314.0
2024-04-15,11.2,8.2,14.7,4.0,,,15.9,78.0,1015.7,157.0
2024-04-16,9.5,7.2,12.4,1.2,,,16.7,74.0,1013.8,130.0
2024-04-17,8.7,6.7,11.4,3.8,,,12.8,48.0,1015.6,192.0
2024-04-18,8.5,4.1,13.8,0.0,,,8.6,33.0,1020.7,178.0
2024-04-19,10.0,8.6,11.8,2.8,,,12.6,48.0,1019.5,12.0
2024-04-20,8.0,5.6,10.4,0.0,,,15.6,41.0,1025.0,166.0
2024-04-21,8.2,4.8,12.8,1.0,,,16.5,52.0,1025.4,234.0
2024-04-22,7.7,4.2,10.8,0.0,,,14.1,44.0,1025.1,341.0
2024-04-23,8.0,3.6,12.2,0.0,,,11.8,46.0,1021.3,401.0
2024-04-24,8.4,6.9,10.2,0.0,,,14.7,42.0,1015.9,130.0
2024-04-25,9.5,4.3,13.6,0.0,,,7.6,30.0,1008.7,301.0
2024-04-26,11.6,5.6,16.4,0.4,,,9.2,42.6,1003.8,158.0
2024-04-27,12.4,9.9,16.4,8.6,,,10.0,50.0,1002.2,33.0
2024-04-28,12.6,9.8,18.1,0.6,,,14.4,72.2,1008.7,183.0
2024-04-29,13.7,7.4,18.9,0.0,,,8.7,31.0,1018.2,355.0
2024-04-30,15.1,12.4,18.8,0.4,,,11.9,46.3,1014.1,20.0
2024-05-01,14.9,10.4,20.2,2.8,,,9.8,40.8,1006.0,58.0
2024-05-02,11.8,10.9,14.1,6.1,,,11.7,48.0,1004.6,0.0
2024-05-03,12.8,9.2,17.4,0.1,,,12.9,48.0,1013.3,236.0
2024-05-04,10.8,6.8,14.8,0.6,,,7.5,22.2,1012.3,90.0
2024-05-05,13.5,10.3,17.6,6.9,,,7.4,31.0,1009.8,5.0
2024-05-06,14.4,11.2,19.2,0.0,,,9.9,39.0,1008.4,238.0
2024-05-07,14.6,9.9,19.6,0.7,,,10.7,50.0,1018.0,320.0
2024-05-08,12.7,9.5,16.5,0.0,,,13.2,35.2,1027.4,278.0
2024-05-09,14.7,9.6,22.0,0.0,,,9.4,33.0,1026.2,450.0
2024-05-10,19.0,12.3,25.1,0.0,,,10.5,35.0,1021.6,574.0
2024-05-11,20.7,13.6,27.0,0.0,,,8.6,31.0,1017.8,591.0
2024-05-12,19.9,15.5,26.3,1.0,,,6.5,65.0,1013.6,322.0
2024-05-13,18.5,15.4,22.7,0.1,,,11.5,35.0,1010.2,210.0
2024-05-14,15.5,13.8,18.2,10.1,,,8.7,33.3,1004.0,1.0
2024-05-15,16.2,12.5,21.3,4.4,,,8.2,37.0,1005.7,218.0
2024-05-16,16.0,12.7,20.5,0.0,,,9.6,33.0,1006.2,299.0
2024-05-17,15.7,10.7,20.7,0.2,,,6.5,30.0,1009.9,254.0
2024-05-18,16.5,12.9,20.9,1.0,,,7.5,24.0,1012.2,305.0
2024-05-19,16.8,14.5,22.2,0.4,,,6.4,26.0,1012.7,72.0
2024-05-20,16.7,12.6,22.6,0.8,,,8.6,30.0,1010.5,307.0
2024-05-21,16.2,13.4,20.6,13.1,,,8.2,33.0,1008.0,97.0
2024-05-22,16.2,13.7,20.9,3.9,,,10.9,42.0,1011.7,200.0
2024-05-23,16.0,13.6,20.0,1.2,,,7.3,42.0,1016.3,183.0
2024-05-24,16.2,13.5,20.0,0.8,,,9.9,31.0,1018.3,142.0
2024-05-25,17.3,11.7,23.1,0.0,,,8.2,26.0,1017.8,345.0
2024-05-26,18.5,14.7,22.8,0.4,,,12.2,50.0,1014.8,245.0
2024-05-27,15.5,12.7,17.3,1.0,,,8.0,46.0,1018.7,168.0
2024-05-28,13.9,10.2,17.0,5.6,,,10.2,39.0,1019.3,23.0
2024-05-29,15.5,14.1,16.5,13.1,,,11.4,35.2,1013.2,4.0
2024-05-30,14.4,13.2,16.3,2.4,,,10.9,50.0,1010.4,44.0
2024-05-31,13.8,12.9,16.2,6.2,,,13.2,44.0,1015.1,46.0
2024-06-01,13.4,13.0,14.4,2.0,,,16.0,42.0,1020.6,4.0
2024-06-02,14.3,12.1,17.6,0.0,,,17.0,44.0,1023.9,105.0
2024-06-03,16.0,10.1,22.0,0.0,,,9.8,37.0,1021.6,497.0
2024-06-04,19.4,14.5,24.4,0.3,,,8.9,39.0,1014.6,283.0
2024-06-05,18.0,15.2,21.3,0.3,,,11.2,37.0,1014.6,202.0
2024-06-06,16.4,11.2,21.6,0.0,,,8.8,28.0,1017.9,456.0
2024-06-07,16.9,11.3,22.3,0.0,,,7.1,33.0,1019.9,735.0
2024-06-08,17.3,11.9,21.6,0.0,,,10.4,37.0,1014.7,605.0
2024-06-09,16.7,12.5,21.8,0.0,,,12.2,39.0,1012.6,572.0
2024-06-10,14.5,11.8,17.3,0.7,,,15.2,46.0,1012.3,219.0
2024-06-11,13.9,10.0,17.7,0.2,,,8.0,35.0,1017.9,356.0
2024-06-12,14.3,10.1,18.6,0.0,,,6.9,31.0,1020.9,415.0
2024-06-13,16.7,11.1,21.0,0.6,,,9.8,42.0,1017.1,356.0
2024-06-14,17.0,13.4,22.7,0.2,,,15.1,57.0,1007.6,119.0
2024-06-15,15.0,11.6,17.2,3.0,,,17.8,59.0,1007.7,221.0
2024-06-16,15.5,13.2,18.5,3.0,,,13.4,44.0,1007.9,41.0
2024-06-17,18.8,14.6,24.3,12.4,,,8.4,31.0,1011.6,141.0
2024-06-18,19.6,16.5,24.5,4.2,,,8.1,38.9,1011.9,30.0
2024-06-19,18.6,16.4,21.7,0.0,,,14.1,48.2,1016.1,105.0
2024-06-20,19.3,16.5,22.8,2.4,,,9.7,31.0,1016.6,53.0
2024-06-21,19.6,17.0,23.8,5.4,,,7.2,30.0,1014.7,142.0
2024-06-22,17.7,13.7,21.0,1.4,,,12.0,48.0,1015.5,157.0
2024-06-23,19.1,13.6,24.5,0.0,,,6.0,26.0,1020.2,579.0
2024-06-24,22.5,15.7,28.4,0.0,,,8.7,31.5,1018.5,578.0
2024-06-25,24.7,18.4,30.4,0.0,,,9.6,31.0,1013.3,608.0
2024-06-26,25.5,20.1,30.2,0.0,,,8.3,31.0,1010.5,527.0
2024-06-27,25.3,20.1,30.8,0.0,,,10.4,41.0,1010.6,483.0
2024-06-28,19.6,15.0,24.6,0.0,,,9.2,33.0,1017.5,610.0
2024-06-29,19.3,15.1,23.5,3.8,,,14.4,50.0,1013.0,157.0
2024-06-30,19.6,15.2,23.3,2.4,,,11.0,31.5,1012.4,192.0
2024-07-01,18.3,15.3,20.5,0.0,,,11.5,33.0,1017.9,272.0
2024-07-02,17.5,15.2,21.3,0.0,,,9.8,33.0,1018.2,63.0
2024-07-03,17.1,14.0,20.7,0.0,,,10.3,44.0,1013.2,77.0
2024-07-04,18.4,14.8,21.7,0.0,,,13.1,50.0,1012.3,322.0
2024-07-05,19.9,13.5,26.8,0.0,,,11.0,35.0,1012.2,371.0
2024-07-06,18.2,14.9,21.3,1.0,,,13.2,50.0,1007.6,280.0
2024-07-07,17.1,11.4,21.4,0.0,,,9.5,52.0,1014.6,291.0
2024-07-08,19.7,13.3,26.1,0.0,,,6.5,27.8,1015.8,186.0
2024-07-09,21.5,17.6,25.0,2.0,,,8.5,35.0,1012.6,247.0
2024-07-10,22.0,19.2,25.8,0.0,,,10.5,44.0,1016.1,221.0
2024-07-11,21.2,17.1,24.4,10.7,,,8.1,28.0,1017.4,259.0
2024-07-12,16.7,14.3,21.0,1.2,,,12.2,39.0,1014.2,56.0
2024-07-13,17.2,13.1,22.8,0.2,,,5.8,35.0,1014.8,282.0
2024-07-14,18.5,12.5,23.0,0.0,,,6.3,25.9,1013.6,394.0
2024-07-15,21.1,14.2,26.8,4.8,,,9.2,48.0,1009.7,289.0
2024-07-16,19.3,15.1,22.7,0.6,,,19.1,50.0,1014.0,239.0
2024-07-17,20.9,15.2,25.8,0.0,,,4.9,26.0,1020.7,519.0
2024-07-18,24.0,17.0,29.6,0.0,,,5.6,27.8,1020.0,503.0
2024-07-19,27.1,20.1,34.1,0.0,,,6.0,22.0,1016.5,406.0
2024-07-20,26.1,18.0,30.9,2.1,,,9.0,33.0,1009.4,400.0
2024-07-21,22.4,19.7,25.9,0.0,,,10.4,42.0,1010.2,184.0
2024-07-22,20.2,15.3,25.6,0.0,,,10.7,35.0,1019.3,240.0
2024-07-23,20.3,17.0,23.2,0.6,,,11.8,41.0,1020.2,169.0
2024-07-24,20.4,16.0,25.3,0.0,,,6.2,25.9,1021.6,345.0
2024-07-25,23.1,18.3,28.4,0.0,,,8.5,35.0,1014.9,299.0
2024-07-26,20.7,18.7,22.6,19.6,,,4.8,28.0,1012.7,26.0
2024-07-27,18.0,16.6,20.0,5.2,,,6.0,28.0,1015.3,8.0
2024-07-28,19.6,13.1,25.4,0.2,,,8.1,33.0,1024.0,619.0
2024-07-29,23.9,16.7,31.3,0.0,,,8.8,31.0,1019.9,620.0
2024-07-30,28.3,21.2,35.8,0.0,,,4.8,20.4,1014.7,502.0
2024-07-31,26.3,21.3,32.1,14.0,,,6.5,37.0,1012.7,292.0
2024-08-01,25.7,20.6,29.9,11.9,,,7.8,42.0,1011.5,269.0
2024-08-02,23.1,19.6,27.7,10.2,,,8.1,41.0,1013.0,403.0
2024-08-03,20.7,16.8,24.3,0.6,,,9.9,31.0,1015.2,221.0
2024-08-04,21.0,17.4,24.5,0.0,,,8.3,30.0,1016.2,343.0
2024-08-05,23.0,16.0,29.6,0.0,,,7.0,31.5,1014.5,671.0
2024-08-06,23.7,17.4,29.3,0.0,,,9.1,35.0,1011.6,522.0
2024-08-07,20.6,16.3,23.9,0.0,,,10.0,31.0,1014.6,366.0
2024-08-08,22.5,17.5,27.5,0.0,,,7.7,35.0,1017.5,390.0
2024-08-09,22.7,19.1,26.6,0.0,,,10.5,37.0,1018.1,263.0
2024-08-10,23.2,16.2,29.5,0.0,,,7.0,24.1,1021.5,589.0
2024-08-11,25.9,18.4,32.3,0.0,,,8.9,31.5,1018.4,621.0
2024-08-12,27.9,20.9,35.3,0.0,,,11.5,31.5,1010.2,559.0
2024-08-13,23.8,20.9,26.4,0.0,,,7.9,31.0,1010.5,194.0
2024-08-14,23.7,20.4,27.4,0.0,,,7.3,37.0,1013.1,185.0
2024-08-15,23.1,19.5,27.1,0.0,,,9.4,33.3,1018.0,414.0
2024-08-16,22.3,18.2,26.1,0.0,,,10.1,31.0,1017.2,134.0
2024-08-17,20.7,18.2,23.3,43.6,,,6.9,30.0,1013.8,0.0
2024-08-18,17.8,14.9,20.7,0.0,,,12.6,35.0,1015.1,252.0
2024-08-19,18.4,13.3,23.4,0.2,,,5.6,24.1,1018.5,542.0
2024-08-20,18.2,14.0,24.4,4.9,,,11.1,55.0,1014.0,183.0
2024-08-21,17.1,12.4,22.2,0.0,,,8.4,31.5,1020.2,413.0
2024-08-22,19.1,12.2,25.9,0.0,,,10.8,41.0,1014.3,574.0
2024-08-23,21.2,16.7,25.8,0.0,,,13.5,50.0,1010.8,67.0
2024-08-24,22.3,16.6,29.6,1.8,,,13.9,65.0,1009.0,309.0
2024-08-25,17.2,11.9,21.8,0.0,,,8.7,37.0,1022.1,486.0
2024-08-26,18.6,12.6,24.1,0.0,,,6.4,20.4,1022.8,539.0
2024-08-27,21.1,15.0,27.9,0.0,,,6.2,24.1,1019.4,647.0
2024-08-28,23.8,16.5,32.2,0.0,,,7.2,22.2,1014.2,511.0
2024-08-29,22.1,18.0,25.0,0.0,,,11.0,20.4,1017.7,334.0
2024-08-30,18.0,17.0,19.5,7.6,,,13.8,27.8,1019.9,433.0
2024-08-31,19.6,15.6,24.5,4.1,,,10.3,22.2,1018.4,485.0
2024-09-01,23.1,18.8,28.7,0.0,,,9.0,22.2,1013.1,494.0
2024-09-02,21.3,17.8,25.9,0.2,,,8.2,22.2,1013.5,491.0
2024-09-03,20.0,18.2,21.6,0.6,,,8.2,28.0,1015.1,450.0
2024-09-04,19.3,17.1,22.1,7.3,,,8.9,28.0,1016.4,274.0
2024-09-05,16.5,14.7,18.7,13.1,,,10.5,35.0,1010.7,30.0
2024-09-06,17.8,12.9,23.4,0.2,,,6.2,28.0,1011.0,298.0
2024-09-07,18.8,16.9,21.9,0.8,,,7.3,37.0,1009.5,84.0
2024-09-08,16.7,13.3,21.6,5.4,,,13.5,44.0,1009.3,65.0
2024-09-09,16.3,15.1,18.1,0.2,,,12.2,46.0,1010.6,43.0
2024-09-10,15.2,11.9,18.4,0.0,,,14.0,52.0,1015.7,124.0
2024-09-11,14.6,12.0,17.2,0.4,,,11.7,50.0,1011.4,181.0
2024-09-12,11.7,9.1,15.1,6.8,,,8.9,46.0,1016.1,347.0
2024-09-13,12.1,8.0,16.4,0.2,,,12.4,41.0,1025.5,270.0
2024-09-14,13.1,8.7,17.5,0.0,,,7.6,31.0,1031.4,416.0
2024-09-15,14.1,8.8,19.9,0.0,,,6.3,31.0,1028.5,561.0
2024-09-16,16.5,12.9,19.6,0.0,,,10.9,39.0,1026.2,213.0
2024-09-17,16.7,13.9,21.3,0.0,,,18.0,44.0,1025.3,163.0
2024-09-18,18.7,14.1,23.8,0.2,,,15.1,46.0,1021.7,364.0
2024-09-19,20.2,15.4,25.8,0.0,,,14.2,46.0,1018.5,520.0
2024-09-20,18.8,14.6,24.1,5.5,,,8.4,28.0,1017.1,305.0
2024-09-21,19.2,15.0,23.9,1.1,,,7.9,30.0,1016.7,210.0
2024-09-22,18.1,16.3,20.2,6.9,,,8.2,26.0,1012.9,8.0
2024-09-23,15.7,13.6,19.6,5.8,,,10.1,35.0,1009.0,112.0
2024-09-24,15.2,13.8,17.6,0.2,,,12.1,44.0,1006.6,24.0
2024-09-25,14.7,13.2,15.9,15.1,,,10.0,39.0,1004.1,0.0
2024-09-26,16.0,14.1,19.6,23.0,,,14.8,57.4,994.7,19.0
2024-09-27,13.5,11.5,16.9,3.2,,,16.4,55.0,1003.0,148.0
2024-09-28,11.5,8.4,15.3,1.2,,,8.0,30.0,1022.8,327.0
2024-09-29,9.9,6.5,13.4,0.0,,,8.2,22.0,1024.0,136.0
2024-09-30,14.9,12.0,18.0,0.0,,,16.4,61.0,1012.0,12.0
2024-10-01,14.6,12.1,17.7,0.0,,,10.2,35.2,1011.2,194.0
2024-10-02,13.8,13.2,15.0,1.6,,,12.2,35.0,1009.7,73.0
2024-10-03,12.2,10.5,14.1,0.0,,,14.9,33.0,1016.7,125.0
2024-10-04,11.5,7.4,17.2,0.2,,,8.1,31.5,1020.4,386.0
2024-10-05,12.2,7.6,17.8,0.2,,,8.4,39.0,1016.8,461.0
2024-10-06,13.2,10.5,17.0,2.4,,,11.1,28.0,1004.9,2.0
2024-10-07,15.6,13.2,17.0,7.4,,,8.9,37.0,1001.8,23.0
2024-10-08,15.5,12.9,19.2,3.0,,,13.4,59.3,999.7,138.0
2024-10-09,14.5,12.4,16.5,73.6,,,13.3,61.1,989.5,3.0
2024-10-10,13.7,12.0,17.6,1.6,,,11.3,79.6,1002.5,83.0
2024-10-11,11.1,8.0,15.3,0.0,,,7.4,24.0,1016.5,309.0
2024-10-12,11.7,8.6,15.0,0.6,,,7.8,26.0,1011.0,24.0
2024-10-13,13.1,10.0,15.7,0.0,,,7.0,33.0,1018.1,293.0
2024-10-14,14.5,10.6,19.1,0.0,,,7.5,33.0,1016.4,156.0
2024-10-15,15.7,12.5,18.8,0.2,,,8.2,28.0,1014.4,29.0
2024-10-16,19.3,15.2,25.8,3.9,,,11.3,44.0,1005.9,290.0
2024-10-17,17.2,14.9,18.7,10.9,,,9.0,42.0,1010.5,9.0
2024-10-18,13.9,12.8,14.9,0.0,,,10.7,33.0,1015.1,6.0
2024-10-19,13.6,11.0,16.4,1.8,,,10.6,33.0,1016.1,1.0
2024-10-20,15.4,12.4,18.8,0.0,,,12.0,39.0,1019.2,26.0
2024-10-21,17.3,13.6,19.8,0.8,,,8.9,31.5,1021.7,195.0
2024-10-22,13.5,11.3,16.8,0.2,,,7.3,28.0,1030.4,238.0
2024-10-23,12.5,9.1,18.0,0.2,,,6.2,26.0,1033.0,358.0
2024-10-24,12.7,8.1,18.8,0.2,,,8.3,24.0,1022.8,371.0
2024-10-25,15.0,11.9,19.9,0.4,,,9.3,31.0,1016.5,165.0
2024-10-26,15.7,13.7,18.1,0.2,,,4.9,26.0,1015.3,63.0
2024-10-27,15.2,13.9,16.7,0.6,,,7.5,30.0,1021.2,30.0
2024-10-28,13.5,11.7,16.4,0.2,,,5.7,18.5,1026.5,102.0
2024-10-29,11.6,10.5,13.3,0.0,,,5.4,17.0,1027.3,113.0
2024-10-30,12.5,11.2,13.9,0.0,,,7.1,26.0,1027.8,53.0
2024-10-31,11.2,10.4,12.9,0.0,,,6.2,20.4,1027.4,147.0
2024-11-01,10.0,8.9,11.2,0.0,,,5.3,24.0,1026.1,94.0
2024-11-02,11.1,10.0,12.3,0.0,,,9.9,30.0,1028.4,29.0
2024-11-03,10.1,7.9,11.6,0.0,,,9.4,28.0,1028.1,183.0
2024-11-04,9.5,6.0,15.0,0.0,,,5.5,18.0,1024.9,319.0
2024-11-05,10.0,8.0,12.3,0.0,,,5.0,15.0,1023.8,26.0
2024-11-06,10.7,9.5,12.0,0.0,,,8.3,22.0,1029.9,15.0
2024-11-07,11.0,8.8,12.3,0.0,,,7.8,24.0,1029.6,8.0
2024-11-08,8.8,7.4,9.9,0.0,,,6.7,22.2,1025.4,10.0
2024-11-09,10.3,9.5,11.3,0.0,,,4.4,15.0,1024.1,90.0
2024-11-10,10.7,8.0,11.9,0.0,,,9.6,29.6,1028.1,0.0
2024-11-11,10.1,7.2,12.9,0.2,,,9.6,35.0,1032.5,11.0
2024-11-12,9.5,8.3,10.5,0.8,,,16.7,48.0,1029.6,52.0
2024-11-13,8.7,7.3,9.5,0.0,,,12.2,31.0,1032.0,64.0
2024-11-14,9.9,7.6,12.7,0.0,,,7.2,26.0,1030.3,34.0
2024-11-15,9.8,8.8,10.8,0.0,,,6.6,21.0,1027.6,91.0
2024-11-16,7.9,5.3,9.6,0.0,,,6.8,18.0,1022.2,150.0
2024-11-17,7.3,4.8,9.8,0.2,,,9.4,31.0,1018.2,11.0
2024-11-18,8.6,6.4,10.5,5.0,,,19.4,42.0,1013.5,0.0
2024-11-19,10.1,6.3,11.9,15.1,,,24.9,57.4,1001.5,0.0
2024-11-20,4.1,1.3,6.8,0.5,,,13.8,42.0,1009.4,261.0
2024-11-21,0.8,-0.7,1.2,9.3,,,14.8,59.0,1001.3,0.0
2024-11-22,2.3,-0.4,4.6,1.0,1.0,,13.6,44.0,1012.3,152.0
2024-11-23,5.0,1.1,11.4,0.0,,,16.2,40.8,1016.2,57.0
2024-11-24,14.3,10.7,17.2,0.4,,,20.6,54.0,1009.6,134.0
2024-11-25,12.2,8.9,16.4,10.1,,,12.2,53.7,1007.4,4.0
2024-11-26,8.7,7.3,10.0,0.4,,,9.8,33.0,1019.7,103.0
2024-11-27,10.9,8.1,13.8,2.0,,,16.5,50.0,1017.6,1.0
2024-11-28,7.5,4.6,9.6,0.0,,,9.7,25.9,1027.5,215.0
2024-11-29,4.7,2.5,8.1,0.0,,,9.9,24.0,1029.4,297.0
2024-11-30,3.3,1.2,7.7,0.0,,,7.6,17.0,1028.1,283.0
2024-12-01,6.1,0.5,12.1,0.0,,,12.1,22.2,1021.6,60.0
2024-12-02,10.6,8.0,12.7,1.0,,,10.6,37.0,1017.9,191.0
2024-12-03,7.0,4.7,8.5,1.8,,,6.7,30.0,1022.1,53.0
2024-12-04,5.8,3.6,8.0,0.0,,,7.2,22.2,1027.9,50.0
2024-12-05,7.3,4.9,11.9,8.4,,,15.4,48.2,1019.5,0.0
2024-12-06,9.8,8.3,12.8,0.8,,,13.4,89.0,1017.9,213.0
2024-12-07,9.3,7.1,11.7,3.4,,,20.6,63.0,1004.4,150.0
2024-12-08,7.5,6.9,8.2,5.2,,,21.1,42.6,1007.9,0.0
2024-12-09,6.1,5.4,7.1,0.6,,,19.0,35.2,1022.0,1.0
2024-12-10,5.8,4.8,6.7,0.4,,,15.4,33.3,1026.0,23.0
2024-12-11,5.2,4.7,5.6,0.0,,,11.0,22.2,1028.8,42.0
2024-12-12,4.5,2.4,5.2,0.0,,,9.4,26.0,1029.9,150.0
2024-12-13,2.5,0.7,3.8,0.0,,,7.3,28.0,1026.2,102.0
2024-12-14,3.4,1.5,5.3,0.6,,,7.2,24.0,1025.2,112.0
2024-12-15,7.0,3.8,9.7,0.0,,,8.8,33.0,1032.7,33.0
2024-12-16,9.4,8.7,9.9,0.4,,,9.4,29.6,1036.4,6.0
2024-12-17,7.3,6.2,8.4,0.4,,,9.2,28.0,1029.2,15.0
2024-12-18,10.6,7.3,13.4,1.6,,,15.2,54.0,1018.3,20.0
2024-12-19,9.4,5.0,13.5,1.2,,,18.5,57.4,1009.8,77.0
2024-12-20,5.9,3.5,8.1,1.0,,,10.9,33.3,1024.1,229.0
2024-12-21,8.8,7.3,11.3,8.1,,,13.4,46.3,1019.5,36.0
2024-12-22,7.4,4.1,11.6,3.0,,,18.0,68.5,1010.4,10.0
2024-12-23,6.9,5.9,7.8,1.2,,,17.8,57.4,1022.1,222.0
2024-12-24,6.9,5.2,8.8,0.6,,,6.7,18.0,1028.9,0.0
2024-12-25,9.5,8.9,10.0,0.4,,,4.8,17.0,1034.3,1.0
2024-12-26,7.1,5.2,8.7,0.0,,,7.3,20.4,1034.6,245.0
2024-12-27,4.2,1.1,7.4,0.0,,,5.2,18.0,1032.8,319.0
2024-12-28,0.1,-1.0,1.0,0.0,,,6.7,35.0,1031.3,40.0
2024-12-29,3.1,1.0,4.9,0.0,,,5.7,21.0,1032.2,0.0
2024-12-30,3.2,1.1,4.9,0.0,,,7.0,22.0,1032.5,22.0
2024-12-31,3.3,1.3,5.2,0.0,,,11.6,39.0,1030.1,26.0
2025-01-01,6.0,4.0,7.9,0.0,,,18.7,57.4,1021.1,1.0
2025-01-02,5.2,3.0,8.8,8.1,,,11.5,65.0,1017.0,0.0
2025-01-03,1.9,-0.2,4.5,0.0,,,7.0,21.0,1025.1,344.0
2025-01-04,-0.4,-3.4,2.4,4.4,,,10.0,31.0,1018.1,97.0
2025-01-05,10.1,1.4,12.8,0.6,,,19.8,65.0,999.0,5.0
2025-01-06,9.9,6.4,12.5,1.2,,,20.9,68.5,992.5,54.0
2025-01-07,5.7,4.0,7.4,0.0,,,15.4,46.3,1004.7,176.0
2025-01-08,6.8,4.1,11.9,15.5,,,12.7,65.0,1002.0,0.0
2025-01-09,6.4,2.6,11.1,0.4,,,14.8,52.0,1005.7,79.0
2025-01-10,4.0,2.5,5.7,0.0,,,6.3,21.0,1020.1,12.0
2025-01-11,1.3,-0.4,2.5,0.0,,,8.3,28.0,1028.9,96.0
2025-01-12,3.0,1.9,4.7,0.0,,,8.4,24.0,1039.6,52.0
2025-01-13,1.7,-2.3,3.9,0.0,,,9.4,28.0,1040.6,406.0
2025-01-14,-1.6,-4.2,2.3,0.0,,,4.1,19.0,1037.2,325.0
2025-01-15,2.1,-1.1,5.3,0.0,,,7.2,19.0,1034.8,3.0
2025-01-16,3.0,-0.1,5.3,0.0,,,8.8,26.0,1035.0,51.0
2025-01-17,0.7,-1.6,4.0,0.0,,,4.3,19.0,1036.0,126.0
2025-01-18,0.3,-1.3,2.1,0.0,,,8.1,24.1,1029.9,10.0
2025-01-19,-0.5,-2.8,2.0,0.0,,,3.9,17.0,1023.2,146.0
2025-01-20,-0.4,-2.0,2.1,0.0,,,4.9,18.0,1020.0,46.0
2025-01-21,1.7,-2.5,6.6,0.0,,,6.8,14.8,1015.4,175.0
2025-01-22,4.9,1.0,9.7,16.1,,,11.9,39.0,1004.3,3.0
2025-01-23,6.0,4.1,8.8,3.1,,,18.1,48.0,1009.7,127.0
2025-01-24,9.4,6.9,12.0,2.2,,,25.5,72.0,1006.5,0.0
2025-01-25,9.8,7.4,12.1,7.9,,,15.5,53.0,1004.7,10.0
2025-01-26,5.1,0.2,9.6,2.3,,,21.3,50.0,1004.6,39.0
2025-01-27,9.6,7.7,11.4,3.4,,,27.9,66.0,992.6,148.0
2025-01-28,7.6,6.4,10.1,7.4,,,25.1,66.7,993.8,34.0
2025-01-29,7.2,5.0,8.1,11.4,,,18.8,57.0,1005.8,61.0
2025-01-30,5.9,2.2,7.3,0.1,,,12.7,36.0,1016.5,50.0
2025-01-31,2.2,0.0,4.2,1.1,,,9.3,29.0,1028.6,14.0
2025-02-01,1.9,-1.8,6.2,0.0,,,7.0,22.2,1029.2,424.0
2025-02-02,1.1,-2.4,6.3,0.0,,,4.8,14.0,1024.4,398.0
2025-02-03,0.7,-2.4,5.3,0.0,,,3.9,19.0,1027.9,334.0
2025-02-04,1.6,-0.9,6.4,0.0,,,8.4,22.0,1029.3,134.0
2025-02-05,4.8,2.2,8.3,0.0,,,6.6,24.0,1038.1,67.0
2025-02-06,2.8,0.3,5.1,0.0,,,12.2,37.0,1037.7,8.0
2025-02-07,4.2,2.2,7.0,0.7,,,14.8,44.5,1020.9,13.0
2025-02-08,5.7,3.6,7.1,1.6,,,15.9,42.0,1018.0,41.0
2025-02-09,4.7,3.1,7.0,2.9,,,9.8,25.9,1025.3,24.0
2025-02-10,4.2,2.8,6.6,6.5,,,10.5,31.0,1019.8,3.0
2025-02-11,4.0,1.6,6.8,0.0,,,7.1,34.0,1019.5,92.0
2025-02-12,3.8,1.9,5.8,0.0,,,7.0,20.0,1018.4,3.0
2025-02-13,4.5,3.0,6.5,0.0,,,7.6,25.0,1021.1,72.0
2025-02-14,1.2,-1.2,4.3,0.0,,,10.1,26.0,1025.2,390.0
2025-02-15,0.7,-2.6,4.8,0.0,,,8.6,27.0,1021.4,258.0
2025-02-16,1.7,-1.5,6.7,0.0,,,9.4,29.0,1018.0,351.0
2025-02-17,1.7,-1.8,6.3,0.0,,,8.2,20.0,1020.7,423.0
2025-02-18,3.0,-0.9,8.9,0.0,,,10.1,30.0,1019.9,345.0
2025-02-19,5.7,0.2,11.1,0.0,,,9.5,22.2,1018.5,187.0
2025-02-20,9.7,6.0,14.6,7.3,,,13.1,29.0,1022.1,15.0
2025-02-21,12.0,8.6,15.2,0.0,,,13.8,32.0,1017.8,143.0
2025-02-22,10.4,7.7,13.0,3.9,,,13.6,38.9,1016.8,85.0
2025-02-23,9.0,4.5,14.0,0.0,,,12.0,38.0,1027.4,403.0
2025-02-24,10.2,7.9,11.7,1.0,,,16.4,46.0,1020.0,17.0
2025-02-25,7.7,6.5,8.6,16.9,,,15.6,55.5,1013.6,0.0
2025-02-26,6.7,3.4,10.0,7.1,,,17.1,47.0,1018.9,139.0
2025-02-27,5.9,2.6,9.5,0.3,,,13.1,37.0,1020.3,285.0
2025-02-28,4.7,1.3,9.2,0.0,,,10.4,36.0,1026.6,127.0
2025-03-01,3.5,0.6,7.7,0.0,,,14.8,47.0,1030.5,259.0
2025-03-02,4.5,-0.2,10.2,0.0,,,11.6,37.0,1032.0,471.0
2025-03-03,4.6,-0.7,10.5,0.0,,,5.9,22.2,1028.7,429.0
2025-03-04,5.6,0.5,12.1,0.0,,,5.5,23.0,1025.9,287.0
2025-03-05,7.6,0.9,15.4,0.0,,,4.6,21.0,1023.7,520.0
2025-03-06,9.1,3.4,15.7,0.0,,,10.6,35.0,1018.7,536.0
2025-03-07,10.5,5.9,16.0,0.0,,,10.7,31.0,1015.6,413.0
2025-03-08,11.3,6.8,17.0,0.0,,,12.3,32.0,1009.0,327.0
2025-03-09,12.1,7.9,17.2,0.0,,,9.7,25.9,1002.3,234.0
2025-03-10,10.0,7.2,12.1,5.0,,,5.6,26.0,1001.5,1.0
2025-03-11,7.3,3.9,11.9,0.2,,,7.8,42.6,1003.4,134.0
2025-03-12,4.8,1.6,7.9,1.0,,,10.8,33.3,1002.1,31.0
2025-03-13,4.6,2.5,8.4,1.4,,,10.0,22.2,1000.8,84.0
2025-03-14,3.9,0.1,8.7,0.4,,,14.3,27.8,1007.8,102.0
2025-03-15,4.8,1.4,8.9,0.0,,,23.9,31.5,1016.6,188.0
2025-03-16,6.6,3.2,11.2,0.0,,,19.5,33.3,1021.1,303.0
2025-03-17,6.9,1.5,12.5,0.0,,,17.0,27.8,1022.7,450.0
2025-03-18,7.7,2.1,13.5,0.0,,,15.4,35.2,1022.1,445.0
2025-03-19,11.6,5.0,18.7,0.0,,,6.2,46.3,1018.9,347.0
2025-03-20,12.9,6.0,19.4,0.0,,,6.9,29.6,1018.2,271.0
2025-03-21,14.2,10.5,19.4,4.0,,,10.4,37.0,1011.1,258.0
2025-03-22,12.7,10.8,17.3,3.2,,,12.3,35.2,1000.6,50.0
2025-03-23,9.6,6.5,13.2,0.4,,,10.5,32.0,1002.9,90.0
2025-03-24,10.4,4.6,15.6,0.0,,,6.6,25.9,1014.3,194.0
2025-03-25,10.3,6.8,13.8,0.0,,,9.7,37.0,1022.3,214.0
2025-03-26,9.9,6.8,14.3,0.1,,,9.8,33.3,1023.4,138.0
2025-03-27,8.8,3.4,14.2,0.0,,,8.1,32.0,1021.1,500.0
2025-03-28,7.6,3.5,11.9,2.9,,,11.8,33.3,1015.0,74.0
2025-03-29,8.6,4.7,13.0,0.0,,,13.3,42.0,1021.1,441.0
2025-03-30,9.8,5.4,14.9,0.0,,,13.2,45.0,1022.4,197.0
2025-03-31,9.1,4.9,13.7,0.0,,,10.3,34.0,1026.4,483.0
2025-04-01,8.7,4.2,13.4,0.0,,,16.2,65.0,1022.3,501.0
2025-04-02,10.8,6.2,15.7,0.0,,,16.9,44.0,1016.6,509.0
2025-04-03,13.3,7.3,19.2,0.0,,,11.1,38.0,1017.7,445.0
2025-04-04,15.3,10.2,21.8,0.0,,,10.6,40.8,1016.3,409.0
2025-04-05,15.4,9.3,22.2,0.0,,,10.3,35.0,1014.2,489.0
2025-04-06,12.2,8.2,16.4,0.0,,,13.0,38.0,1018.3,579.0
2025-04-07,9.7,4.0,15.8,0.0,,,9.0,32.0,1023.1,615.0
2025-04-08,10.8,3.9,17.1,0.0,,,6.8,35.2,1024.4,570.0
2025-04-09,11.9,6.0,17.8,0.0,,,10.9,39.0,1023.8,619.0
2025-04-10,10.6,5.0,15.6,0.0,,,11.7,37.0,1028.0,591.0
2025-04-11,12.9,5.5,20.6,0.0,,,7.7,29.6,1022.0,617.0
2025-04-12,14.0,9.0,20.0,4.5,,,12.0,40.8,1008.9,291.0
2025-04-13,14.1,11.6,17.8,2.8,,,14.2,39.0,1006.6,130.0
2025-04-14,13.0,6.9,18.6,0.0,,,9.5,37.0,1006.6,309.0
2025-04-15,13.7,10.5,18.0,5.4,,,14.7,56.0,998.1,120.0
2025-04-16,10.5,5.7,15.1,0.0,,,10.8,40.0,1008.5,283.0
2025-04-17,11.7,6.5,16.1,0.0,,,6.5,32.0,1012.4,324.0
2025-04-18,11.9,5.8,17.9,0.0,,,12.7,46.0,1012.9,481.0
2025-04-19,13.1,8.2,19.6,2.2,,,12.8,37.0,1004.9,218.0
2025-04-20,13.5,10.5,20.4,1.2,,,14.0,53.0,1004.3,235.0
2025-04-21,13.0,7.8,21.9,0.1,,,9.0,30.0,1009.5,193.0
2025-04-22,12.5,8.3,16.2,1.3,,,5.8,24.1,1017.7,88.0
2025-04-23,10.9,8.4,14.9,9.1,,,13.5,39.0,1014.2,77.0
2025-04-24,12.1,8.5,16.1,0.1,,,9.9,31.5,1018.8,134.0
2025-04-25,11.3,7.0,16.2,0.0,,,9.0,29.6,1020.8,90.0
2025-04-26,13.2,7.9,18.3,0.0,,,11.1,38.0,1019.2,298.0
2025-04-27,14.7,9.0,19.7,0.1,,,10.6,33.3,1023.4,301.0
2025-04-28,16.5,9.6,23.3,0.0,,,9.6,28.0,1025.3,577.0
2025-04-29,18.6,11.1,25.3,0.0,,,9.5,36.0,1023.7,655.0
2025-04-30,20.9,13.2,28.3,0.0,,,7.4,26.0,1020.9,626.0
2025-05-01,21.9,14.8,28.8,0.0,,,9.3,35.0,1017.6,547.0
2025-05-02,22.4,15.5,29.0,0.0,,,7.3,31.0,1015.0,509.0
2025-05-03,19.7,15.6,24.5,3.9,,,11.6,55.0,1011.0,153.0
2025-05-04,12.6,8.7,16.1,0.0,,,16.7,68.0,1013.3,222.0
2025-05-05,10.5,7.7,13.8,0.0,,,16.7,45.0,1015.7,209.0
2025-05-06,11.2,7.3,15.2,0.0,,,16.1,45.0,1018.8,277.0
2025-05-07,12.0,7.7,15.8,0.0,,,14.7,39.0,1019.3,194.0
2025-05-08,13.3,8.8,17.9,0.0,,,12.6,40.0,1016.1,209.0
2025-05-09,14.6,8.9,20.4,0.0,,,12.7,40.8,1016.4,481.0
2025-05-10,17.0,10.2,23.0,0.0,,,13.1,50.0,1015.6,564.0
2025-05-11,17.9,13.2,24.6,9.9,,,11.0,34.0,1010.5,349.0
2025-05-12,15.7,12.8,19.4,1.6,,,9.6,33.0,1011.6,219.0
2025-05-13,16.0,10.6,21.4,0.6,,,4.5,30.0,1015.9,226.0
2025-05-14,18.0,11.3,24.1,0.0,,,7.2,37.0,1017.1,489.0
2025-05-15,14.5,9.0,19.7,0.0,,,15.7,51.8,1019.6,468.0
2025-05-16,14.4,9.0,19.7,0.0,,,14.0,42.0,1021.5,742.0
2025-05-17,14.1,9.0,19.6,0.0,,,12.7,42.0,1020.0,243.0
2025-05-18,15.1,8.9,20.7,0.0,,,8.2,33.3,1018.5,541.0
2025-05-19,16.5,9.0,23.3,0.0,,,10.0,33.3,1016.5,560.0
2025-05-20,19.1,12.2,25.3,0.0,,,12.1,45.0,1016.5,597.0
2025-05-21,14.7,11.6,18.1,7.7,,,6.9,29.6,1016.0,38.0
2025-05-22,13.3,8.0,18.3,0.7,,,13.0,44.0,1017.1,384.0
2025-05-23,13.3,8.0,18.2,0.0,,,9.1,32.0,1019.9,569.0
2025-05-24,14.1,8.6,20.3,0.0,,,10.9,45.0,1018.4,46.0
2025-05-25,16.8,13.8,21.4,3.2,,,17.0,50.0,1015.1,122.0
2025-05-26,14.3,9.8,17.9,0.0,,,12.2,42.0,1020.5,220.0
2025-05-27,15.6,11.9,19.7,0.4,,,18.1,44.0,1020.0,38.0
2025-05-28,16.8,13.5,21.0,3.2,,,19.3,55.0,1020.1,151.0
2025-05-29,18.0,11.3,24.0,0.0,,,9.7,33.0,1023.8,361.0
2025-05-30,22.1,13.9,29.2,0.0,,,6.7,29.6,1020.9,655.0
2025-05-31,23.0,17.6,30.3,2.4,,,9.1,36.0,1017.4,287.0
2025-06-01,18.9,15.4,23.6,2.0,,,9.0,36.0,1016.6,168.0
2025-06-02,18.0,13.6,21.8,0.0,,,8.8,31.5,1017.8,309.0
2025-06-03,19.0,12.6,23.9,0.0,,,13.4,43.0,1012.6,586.0
2025-06-04,16.7,13.2,20.7,1.1,,,11.6,33.0,1009.9,91.0
2025-06-05,15.7,12.8,19.7,8.3,,,19.9,59.0,1010.2,26.0
2025-06-06,16.9,13.7,20.5,5.4,,,17.4,48.2,1011.4,169.0
2025-06-07,15.8,13.6,19.2,13.5,,,18.5,44.0,1011.7,47.0
2025-06-08,15.1,11.9,18.3,1.8,,,16.5,49.0,1018.5,332.0
2025-06-09,16.1,9.9,21.7,0.0,,,6.0,30.0,1023.6,481.0
2025-06-10,18.3,12.3,24.1,0.0,,,8.6,35.0,1019.6,612.0
2025-06-11,20.8,13.6,27.6,0.0,,,10.0,34.0,1018.6,693.0
2025-06-12,24.6,17.9,31.2,0.0,,,12.3,40.0,1013.4,557.0
2025-06-13,26.5,20.5,33.0,8.9,,,10.3,63.0,1016.8,528.0
2025-06-14,23.4,19.9,27.4,0.8,,,10.3,36.0,1017.4,311.0
2025-06-15,19.3,17.1,22.8,0.0,,,11.0,39.0,1023.2,192.0
2025-06-16,19.8,12.6,26.3,0.0,,,7.1,31.0,1027.6,667.0
2025-06-17,22.9,15.6,28.9,0.0,,,8.2,29.0,1025.4,670.0
2025-06-18,23.1,16.0,29.3,0.0,,,9.4,38.0,1024.7,825.0
2025-06-19,23.8,17.4,29.5,0.0,,,13.9,35.0,1024.2,883.0
2025-06-20,25.7,19.4,32.0,0.0,,,11.0,32.0,1022.0,875.0
2025-06-21,27.6,19.5,35.3,0.0,,,7.7,27.8,1018.7,871.0
2025-06-22,26.9,21.5,35.7,0.2,,,10.1,38.0,1016.6,745.0
2025-06-23,23.2,17.8,38.0,0.0,,,13.7,44.0,1017.0,800.0
2025-06-24,23.9,14.4,38.6,0.0,,,8.6,41.0,1016.8,835.0
2025-06-25,26.1,18.9,34.7,0.0,,,9.0,35.0,1013.1,753.0
2025-06-26,22.3,18.3,25.6,2.8,,,14.7,45.0,1015.8,649.0
2025-06-27,22.8,18.2,26.9,0.1,,,9.6,38.0,1023.0,633.0
2025-06-28,24.9,19.2,30.5,0.0,,,6.8,25.9,1025.5,650.0
2025-06-29,24.6,18.3,30.1,0.0,,,8.8,30.0,1024.3,873.0
2025-06-30,28.0,20.2,35.2,0.0,,,7.8,26.0,1017.9,858.0
2025-07-01,31.8,24.0,37.8,0.0,,,7.6,33.0,1014.6,855.0
2025-07-02,26.0,19.6,34.5,18.4,,,12.6,58.0,1015.8,685.0
2025-07-03,20.6,15.6,25.8,0.0,,,11.5,35.2,1025.4,870.0
2025-07-04,21.9,15.4,27.8,0.0,,,8.9,27.8,1026.9,890.0
